Unnamed: 0,country,id,code,title,titleDir,shortTitle,shortTitleDir,yearOfVersion,cntryOrgCode,cntryOrgTitle,cntryOrgType,subjectMatters,subjectMatterTitles,typeOfTexts,typeOfTextTitles,adoptedDate,entryIntoForce,judgmentDate,dates,superseded,repealed,meta,textOrder,url,language,parts,mimeTypes,customTitle,filename
0,AL,50,,Law No. 8880 dated 15.04.2002 on Plant Breeders' Rights ,ltr,,,2002.0,,,,,,,,,,,,False,False,,,https://wipolex-resources-eu-central-1-358922420655.s3.amazonaws.com/edocs/lexdocs/laws/en/al/al031en.pdf,English,,"[{'id': 209067, 'value': 'pdf', 'fileUrl': None}]",True,al031en.pdf
1,AR,19414,,Ley N° 20.247 de 30 de marzo de 1973 de Semillas y Creaciones Fitogenéticas (modificada por la Resolución N° 13/2004 del Instituto Nacional de Semillas),ltr,,,2004.0,,,,,,,,,,,,False,False,,,https://wipolex-resources-eu-central-1-358922420655.s3.amazonaws.com/edocs/lexdocs/laws/es/ar/ar215es.pdf,Spanish,,"[{'id': 542027, 'value': 'pdf', 'fileUrl': None}]",True,ar215es.pdf
2,AR,9520,,"INASE Resolution No. 35/96 of February 28, 1996, on the Farmer's Privilege",ltr,,,1996.0,,,,,,,,,,,,False,False,,,https://wipolex-resources-eu-central-1-358922420655.s3.amazonaws.com/edocs/lexdocs/laws/en/ar/ar090en.pdf,English,,"[{'id': 524976, 'value': 'pdf', 'fileUrl': None}]",True,ar090en.pdf
3,AR,19416,,"Decreto N° 2.183, de 21 de octubre de 1991 que regula la Ley N° 20.247 de 30 de marzo de 1973 de Semillas y Creaciones Fitogenéticas",ltr,,,1991.0,,,,,,,,,,,,False,False,,,https://wipolex-resources-eu-central-1-358922420655.s3.amazonaws.com/edocs/lexdocs/laws/es/ar/ar216es.pdf,Spanish,,"[{'id': 542013, 'value': 'pdf', 'fileUrl': None}]",True,ar216es.pdf
4,AM,22412,,"Law on the Protection of Varieties of Plants (Law No. HO-231-N, amended up to June 26, 2023)",ltr,,,2023.0,,,,,,,,,,,,False,False,,,https://wipolex-resources-eu-central-1-358922420655.s3.amazonaws.com/edocs/lexdocs/laws/en/am/am051en.pdf,English,,"[{'id': 590190, 'value': 'pdf', 'fileUrl': None}]",True,am051en.pdf
4,AM,22412,,"ՕՐԵՆՔԸ ԲՈՒՅՍԵՐԻ ՍՈՐՏԵՐԻ ՊԱՀՊԱՆՈՒԹՅԱՆ ՄԱՍԻՆ (Օրենք ՀՕ-231-Ն, փոփոխվել է մինչև 26. 06. 23)",ltr,,,2023.0,,,,,,,,,,,,False,False,,,https://wipolex-resources-eu-central-1-358922420655.s3.amazonaws.com/edocs/lexdocs/laws/hy/am/am051hy_2.pdf,Armenian,,"[{'id': 590191, 'value': 'pdf', 'fileUrl': None}]",True,am051hy_2.pdf
5,AU,18977,,"Plant Breeder's Rights Act 1994 (consolidated as of February 24, 2019)",ltr,,,2019.0,,,,,,,,,,,,False,False,,,https://wipolex-resources-eu-central-1-358922420655.s3.amazonaws.com/edocs/lexdocs/laws/en/au/au564en.pdf,English,,"[{'id': 514547, 'value': 'pdf', 'fileUrl': None}]",True,au564en.pdf
6,AU,18594,,"Plant Breeder's Rights Act 1994 (consolidated as of August 25, 2018)",ltr,,,2018.0,,,,,,,,,,,,False,False,,,https://wipolex-resources-eu-central-1-358922420655.s3.amazonaws.com/edocs/lexdocs/laws/en/au/au503en.pdf,English,,"[{'id': 501286, 'value': 'pdf', 'fileUrl': None}]",True,au503en.pdf
7,AU,14960,,"Plant Breeder's Rights Act 1994 (consolidated as of April 24, 2013)",ltr,,,2013.0,,,,,,,,,,,,False,False,,,https://wipolex-resources-eu-central-1-358922420655.s3.amazonaws.com/edocs/lexdocs/laws/en/au/au380en.pdf,English,,"[{'id': 337004, 'value': 'pdf', 'fileUrl': None}]",True,au380en.pdf
8,AU,11675,,"Plant Breeder's Rights Act 1994 (consolidated as of May 24, 2012)",ltr,,,2012.0,,,,,,,,,,,,False,False,,,https://wipolex-resources-eu-central-1-358922420655.s3.amazonaws.com/edocs/lexdocs/laws/en/au/au320en.pdf,English,,"[{'id': 287072, 'value': 'pdf', 'fileUrl': None}]",True,au320en.pdf
9,AU,10966,,"Plant Breeder’s Rights Act 1994 (consolidated as of January 6, 2003)",ltr,,,2003.0,,,,,,,,,,,,False,False,,,https://wipolex-resources-eu-central-1-358922420655.s3.amazonaws.com/edocs/lexdocs/laws/en/au/au315en.pdf,English,,"[{'id': 244039, 'value': 'pdf', 'fileUrl': None}]",True,au315en.pdf
10,AT,18157,,"Bundesgesetz 2001 über den Schutz von Pflanzensorten (Sortenschutzgesetz 2001, zuletzt geändert durch das Bundesgesetz BGBl. I Nr. 93/2015)",ltr,,,2015.0,,,,,,,,,,,,False,False,,,https://wipolex-resources-eu-central-1-358922420655.s3.amazonaws.com/edocs/lexdocs/laws/de/at/at140de.pdf,German,,"[{'id': 478981, 'value': 'pdf', 'fileUrl': None}]",True,at140de.pdf
11,AT,11623,,Bundesgesetz tber den Schutz von Pflanzensorten (Sortenschutzgesetz 2001) (zuletzt geändert durch das Bundesgesetz BGBl. I Nr. 42/2005),ltr,,,2011.0,,,,,,,,,,,,False,False,,,https://wipolex-resources-eu-central-1-358922420655.s3.amazonaws.com/edocs/lexdocs/laws/de/at/at118de.pdf,German,,"[{'id': 503840, 'value': 'pdf', 'fileUrl': None}]",True,at118de.pdf
12,AT,9514,,Federal Law on the Protection of Plant Varieties (Plant Variety Protection Law 2001),ltr,,,2001.0,,,,,,,,,,,,False,False,,,https://wipolex-resources-eu-central-1-358922420655.s3.amazonaws.com/edocs/lexdocs/laws/en/at/at093en.pdf,English,,"[{'id': 224251, 'value': 'pdf', 'fileUrl': None}]",True,at093en.pdf
13,AZ,9176,,"Law No. 197-IQ of November 15, 1996,
on Selection Achievements ",ltr,,,2000.0,,,,,,,,,,,,False,False,,,https://wipolex-resources-eu-central-1-358922420655.s3.amazonaws.com/edocs/lexdocs/laws/en/az/az007en.pdf,English,,"[{'id': 218389, 'value': 'pdf', 'fileUrl': None}]",True,az007en.pdf
15,BE,18754,,Code de droit économique (Extrait-Dispositions relatives au droit d'obtenteur),ltr,,,2015.0,,,,,,,,,,,,False,False,,,https://wipolex-resources-eu-central-1-358922420655.s3.amazonaws.com/edocs/lexdocs/laws/fr/be/be176fr-extract.pdf,French,,"[{'id': 586547, 'value': 'pdf', 'fileUrl': None}]",True,be176fr-extract.pdf
16,BG,429,,Law on the Protection of New Plant Varieties and Animal Breeds (SG No. 84/1996),ltr,,,1997.0,,,,,,,,,,,,False,False,,,https://wipolex-resources-eu-central-1-358922420655.s3.amazonaws.com/edocs/lexdocs/laws/en/bg/bg004en.pdf,English,,"[{'id': 125300, 'value': 'pdf', 'fileUrl': None}]",True,bg004en.pdf
17,BA,17714,,Law on the Protection of New Varieties of Plants,ltr,,,2013.0,,,,,,,,,,,,False,False,,,https://wipolex-resources-eu-central-1-358922420655.s3.amazonaws.com/edocs/lexdocs/laws/en/ba/ba036en.pdf,English,,"[{'id': 463591, 'value': 'pdf', 'fileUrl': None}]",True,ba036en.pdf
18,BY,14936,,"Law of the Republic of Belarus No. 3725 XІІ of April 13, 1995, on Patents for Plant Varieties (amended up to Law No. 108-Z of January 4, 2014)",ltr,,,2014.0,,,,,,,,,,,,False,False,,,https://wipolex-resources-eu-central-1-358922420655.s3.amazonaws.com/edocs/lexdocs/laws/en/by/by087en.pdf,English,,"[{'id': 391275, 'value': 'pdf', 'fileUrl': None}]",True,by087en.pdf
19,BY,7277,,"Law of the Republic of Belarus No. 3725 XІІ of April 13, 1995, on Patents for Plant Varieties (as amended up to Law No. 109-Z of January 4, 2010)",ltr,,,2010.0,,,,,,,,,,,,False,False,,,https://wipolex-resources-eu-central-1-358922420655.s3.amazonaws.com/edocs/lexdocs/laws/en/by/by025en.pdf,English,,"[{'id': 224298, 'value': 'pdf', 'fileUrl': None}]",True,by025en.pdf
20,BO,9528,,"Regulations on Protection of Plant Varieties (issued by Ministerial Resolution No. 040 of April 2, 2001, of the Ministry of Agriculture, Livestock and Rural Development (MAGDER))",ltr,,,2001.0,,,,,,,,,,,,False,False,,,https://wipolex-resources-eu-central-1-358922420655.s3.amazonaws.com/edocs/lexdocs/laws/en/bo/bo037en.pdf,English,,"[{'id': 224277, 'value': 'pdf', 'fileUrl': None}]",True,bo037en.pdf
20,BO,9528,,"Norma Sobre Proteccion De Las Obtenciones Vegetales (emitido por Resolución Ministerial Nº 040 del 02 de abril de 2001 del Ministerio de Agricultura, Ganadería y Desarrollo Rural (MAGDER))",ltr,,,2001.0,,,,,,,,,,,,False,False,,,https://wipolex-resources-eu-central-1-358922420655.s3.amazonaws.com/edocs/lexdocs/laws/es/bo/bo037es.pdf,Spanish,,"[{'id': 357815, 'value': 'pdf', 'fileUrl': None}]",True,bo037es.pdf
21,BO,500,,"Ley N° 1.968 del 24 de marzo de 1999 sobre la aprobación de la adhesión de Bolivia al Convenio Internacional sobre la Protección de las Obtenciones Vegetales de la UPOV del 2 de diciembre de 1961, revisado en Ginebra el 10 de noviembre de 1972 y el 23 de octubre de 1978",ltr,,,1999.0,,,,,,,,,,,,False,False,,,https://wipolex-resources-eu-central-1-358922420655.s3.amazonaws.com/edocs/lexdocs/laws/es/bo/bo011es.pdf,Spanish,,"[{'id': 125369, 'value': 'pdf', 'fileUrl': None}]",True,bo011es.pdf
22,BO,499,,Decision No. 345 of the Commission of the Andean Community Establishing the Common Regime on the Protection of the Rights of Breeders of New Plant Varieties,ltr,,,1993.0,,,,,,,,,,,,False,False,,,https://wipolex-resources-eu-central-1-358922420655.s3.amazonaws.com/edocs/lexdocs/laws/en/bo/bo010en.pdf,English,,"[{'id': 125363, 'value': 'pdf', 'fileUrl': None}]",True,bo010en.pdf
22,BO,499,,Decisión N° 345 de 21 de octubre de 1993 sobre el Régimen Común de Protección a los Derechos de los Obtentores de Variedades Vegetales,ltr,,,1993.0,,,,,,,,,,,,False,False,,,https://wipolex-resources-eu-central-1-358922420655.s3.amazonaws.com/edocs/lexdocs/laws/es/bo/bo010es.pdf,Spanish,,"[{'id': 125365, 'value': 'pdf', 'fileUrl': None}]",True,bo010es.pdf
22,BO,499,,Décision n° 345 du 21 octobre 1993 sur le régime commun concernant la protection des droits des obtenteurs de variétés végétales,ltr,,,1993.0,,,,,,,,,,,,False,False,,,https://wipolex-resources-eu-central-1-358922420655.s3.amazonaws.com/edocs/lexdocs/laws/fr/bo/bo010fr.pdf,French,,"[{'id': 125367, 'value': 'pdf', 'fileUrl': None}]",True,bo010fr.pdf
23,BR,21005,,"Decree No. 2.366 of November 5, 1997 (Implementing the Plant Variety Protection Law, as amended by Decree No. 10.087 of November 5, 2019) ",ltr,,,2019.0,,,,,,,,,,,,False,False,,,https://wipolex-resources-eu-central-1-358922420655.s3.amazonaws.com/edocs/lexdocs/laws/en/br/br314en.pdf,English,,"[{'id': 586646, 'value': 'pdf', 'fileUrl': None}]",True,br314en.pdf
24,BR,21006,,"Law No. 9.456 of April 25, 1997 (Plant Variety Protection Law, as amended up to Law No. 13. 606 of January 9, 2018) 
",ltr,,,2018.0,,,,,,,,,,,,False,False,,,https://wipolex-resources-eu-central-1-358922420655.s3.amazonaws.com/edocs/lexdocs/laws/en/br/br315en.pdf,English,,"[{'id': 586643, 'value': 'pdf', 'fileUrl': None}]",True,br315en.pdf
25,BR,518,,"Decree No. 2.366 of November 5, 1997 (Implementing the Plant Variety Protection Law)",ltr,,,1997.0,,,,,,,,,,,,False,False,,,https://wipolex-resources-eu-central-1-358922420655.s3.amazonaws.com/edocs/lexdocs/laws/en/br/br006en.pdf,English,,"[{'id': 125405, 'value': 'pdf', 'fileUrl': None}]",True,br006en.pdf
26,BR,517,,"Law No. 9.456 of April 28, 1997 (Plant Variety Protection Law)",ltr,,,1997.0,,,,,,,,,,,,False,False,,,https://wipolex-resources-eu-central-1-358922420655.s3.amazonaws.com/edocs/lexdocs/laws/en/br/br005en.pdf,English,,"[{'id': 125403, 'value': 'pdf', 'fileUrl': None}]",True,br005en.pdf
27,CA,19114,,"Plant Breeders’ Rights Act (S.C. 1990, c. 20)",ltr,,,2023.0,,,,,,,,,,,,False,False,,,https://wipolex-resources-eu-central-1-358922420655.s3.amazonaws.com/edocs/lexdocs/laws/en/ca/ca225en.pdf,English,,"[{'id': 586652, 'value': 'pdf', 'fileUrl': None}]",True,ca225en.pdf
27,CA,19114,,"Loi sur la protection des obtentions végétales (L.C. 1990, ch. 20) ",ltr,,,2023.0,,,,,,,,,,,,False,False,,,https://wipolex-resources-eu-central-1-358922420655.s3.amazonaws.com/edocs/lexdocs/laws/fr/ca/ca225fr.pdf,French,,"[{'id': 586653, 'value': 'pdf', 'fileUrl': None}]",True,ca225fr.pdf
28,CA,19159,,"Plant Breeders’ Rights Regulations (SOR/91-594), (as amended up to May 19, 2017)",ltr,,,2019.0,,,,,,,,,,,,False,False,,,https://wipolex-resources-eu-central-1-358922420655.s3.amazonaws.com/edocs/lexdocs/laws/en/ca/ca229en.pdf,English,,"[{'id': 586654, 'value': 'pdf', 'fileUrl': None}]",True,ca229en.pdf
28,CA,19159,,Règlement sur la protection des obtentions végétales (DORS/91-594) (tel que modifié jusqu'au 19 mai 2017),ltr,,,2019.0,,,,,,,,,,,,False,False,,,https://wipolex-resources-eu-central-1-358922420655.s3.amazonaws.com/edocs/lexdocs/laws/fr/ca/ca229fr.pdf,French,,"[{'id': 586655, 'value': 'pdf', 'fileUrl': None}]",True,ca229fr.pdf
29,CA,15598,,"Plant Breeders’ Rights Act (S.C. 1990, c. 20) (as amended up to February 27, 2015)",ltr,,,2015.0,,,,,,,,,,,,False,False,,,https://wipolex-resources-eu-central-1-358922420655.s3.amazonaws.com/edocs/lexdocs/laws/en/ca/ca186en.pdf,English,,"[{'id': 527661, 'value': 'pdf', 'fileUrl': None}]",True,ca186en.pdf
29,CA,15598,,"Loi sur la protection des obtentions végétales (L.C. 1990, ch. 20) (telle que modifiée jusqu'au 27 février 2015)",ltr,,,2015.0,,,,,,,,,,,,False,False,,,https://wipolex-resources-eu-central-1-358922420655.s3.amazonaws.com/edocs/lexdocs/laws/fr/ca/ca186fr.pdf,French,,"[{'id': 527663, 'value': 'pdf', 'fileUrl': None}]",True,ca186fr.pdf
30,CA,9521,,Regulations Respecting Plant Breeders' Rights (SOR/91-594),ltr,,,1991.0,,,,,,,,,,,,False,False,,,https://wipolex-resources-eu-central-1-358922420655.s3.amazonaws.com/edocs/lexdocs/laws/en/ca/ca138en.pdf,English,,"[{'id': 224309, 'value': 'pdf', 'fileUrl': None}]",True,ca138en.pdf
31,CH,5221,,"Federal Act of March 20, 1975, on the Protection of New Plant Varieties (status as of September 1, 2008)",ltr,,,2008.0,,,,,,,,,,,,False,False,,,https://wipolex-resources-eu-central-1-358922420655.s3.amazonaws.com/edocs/lexdocs/laws/en/ch/ch154en.pdf,English,,"[{'id': 179796, 'value': 'pdf', 'fileUrl': None}]",True,ch154en.pdf
32,CH,5222,,"Ordinance of June 25, 2008, on the Protection of New Varieties of  Plants (status as of September 1, 2008)",ltr,,,2008.0,,,,,,,,,,,,False,False,,,https://wipolex-resources-eu-central-1-358922420655.s3.amazonaws.com/edocs/lexdocs/laws/en/ch/ch155en.pdf,English,,"[{'id': 224332, 'value': 'pdf', 'fileUrl': None}]",True,ch155en.pdf
33,CL,9540,,Implementing Regulation of Law No. 19.342 on Plant Breeders' Rights (approved by Decree No. 373),ltr,,,1996.0,,,,,,,,,,,,False,False,,,https://wipolex-resources-eu-central-1-358922420655.s3.amazonaws.com/edocs/lexdocs/laws/en/cl/cl050en.pdf,English,,"[{'id': 224356, 'value': 'pdf', 'fileUrl': None}]",True,cl050en.pdf
34,CL,807,,"Law No. 19.342 of October 17, 1994, on Plant Breeders' Rights",ltr,,,1994.0,,,,,,,,,,,,False,False,,,https://wipolex-resources-eu-central-1-358922420655.s3.amazonaws.com/edocs/lexdocs/laws/en/cl/cl014en.pdf,English,,"[{'id': 224369, 'value': 'pdf', 'fileUrl': None}]",True,cl014en.pdf
35,CN,13449,,"Regulations of the People's Republic of China on Protection of New Varieties of Plants (State Council Decree No. 213, amended up to July 29, 2014)",ltr,,,2014.0,,,,,,,,,,,,False,False,,,https://wipolex-resources-eu-central-1-358922420655.s3.amazonaws.com/edocs/lexdocs/laws/en/cn/cn217en.pdf,English,,"[{'id': 586706, 'value': 'pdf', 'fileUrl': None}]",True,cn217en.pdf
36,CN,855,,"Implementing Rules for the Regulations of the People's Republic of China on the Protection of New Varieties of Plants (Forestry Part) (promulgated by Order No. 3 of August 10, 1999 of the State Forestry Administration)",ltr,,,1999.0,,,,,,,,,,,,False,False,,,https://wipolex-resources-eu-central-1-358922420655.s3.amazonaws.com/edocs/lexdocs/laws/en/cn/cn017en.pdf,English,,"[{'id': 125978, 'value': 'pdf', 'fileUrl': None}]",True,cn017en.pdf
37,CN,854,,"Implementing Rules of April 27, 1999, for the Regulations of the People's Republic of China on the Protection of New Varieties of Plants (Agriculture Part) (issued by Order No. 13 of June 16, 1999 of the Ministry of Agriculture)",ltr,,,1999.0,,,,,,,,,,,,False,False,,,https://wipolex-resources-eu-central-1-358922420655.s3.amazonaws.com/edocs/lexdocs/laws/en/cn/cn016en.pdf,English,,"[{'id': 125977, 'value': 'pdf', 'fileUrl': None}]",True,cn016en.pdf
38,CO,9544,,"Law No. 1032 of June 22, 2006, on Amendments to Articles 257, 271, 272 and 306 of the Criminal Code",ltr,,,2006.0,,,,,,,,,,,,False,False,,,https://wipolex-resources-eu-central-1-358922420655.s3.amazonaws.com/edocs/lexdocs/laws/en/co/co057en.pdf,English,,"[{'id': 224433, 'value': 'pdf', 'fileUrl': None}]",True,co057en.pdf
39,CO,16095,,"Decreto Nº 2687 del 19 de noviembre de 2002, por el cual se modifica el Artículo 7° del Decreto N° 533 del 8 de marzo de 1994",ltr,,,2002.0,,,,,,,,,,,,False,False,,,https://wipolex-resources-eu-central-1-358922420655.s3.amazonaws.com/edocs/lexdocs/laws/es/co/co110es_2.pdf,Spanish,,"[{'id': 586641, 'value': 'pdf', 'fileUrl': None}]",True,co110es_2.pdf
40,CO,870,,"Ley N° 243 del 28 de diciembre de 1995, por medio de la cual se aprueba el Convenio Internacional para la protección de las obtenciones vegetales, UPOV, del 2 de diciembre de 1961, revisado en Ginebra el 10 de noviembre de 1972 y el 23 de octubre de 1978",ltr,,,1995.0,,,,,,,,,,,,False,False,,,https://wipolex-resources-eu-central-1-358922420655.s3.amazonaws.com/edocs/lexdocs/laws/es/co/co010es.pdf,Spanish,,"[{'id': 126015, 'value': 'pdf', 'fileUrl': None}]",True,co010es.pdf
41,CO,867,,"Resolución ICA N° 1893 del 29 de junio de 1995, por la cual se ordena la apertura del Registro Nacional de Variedades Vegetales Protegidas, se establece el procedimiento para la Obtención del Certificado de Obtentor y se dictan otras disposiciones",ltr,,,1995.0,,,,,,,,,,,,False,False,,,https://wipolex-resources-eu-central-1-358922420655.s3.amazonaws.com/edocs/lexdocs/laws/es/co/co007es.pdf,Spanish,,"[{'id': 126009, 'value': 'pdf', 'fileUrl': None}]",True,co007es.pdf
42,CO,864,,"Decree No. 533 of March 8, 1994, Introducing Regulations to  the Common Provisions on the Protection of the Rights of Breeders of New Plant Varieties (as amended by Decree No. 2468 of November 4, 1994)",ltr,,,1994.0,,,,,,,,,,,,False,False,,,https://wipolex-resources-eu-central-1-358922420655.s3.amazonaws.com/edocs/lexdocs/laws/en/co/co004en.pdf,English,,"[{'id': 224431, 'value': 'pdf', 'fileUrl': None}]",True,co004en.pdf
43,CO,14722,,Decision No. 345 of the Commission of the Andean Community Establishing the Common Regime on the Protection of the Rights of Breeders of New Plant Varieties,ltr,,,1993.0,,,,,,,,,,,,False,False,,,https://wipolex-resources-eu-central-1-358922420655.s3.amazonaws.com/edocs/lexdocs/laws/en/co/co089en.pdf,English,,"[{'id': 331119, 'value': 'pdf', 'fileUrl': None}]",True,co089en.pdf
43,CO,14722,,Decisión N° 345 de la Comisión de la Comunidad Andina sobre el Régimen Común de Protección a los Derechos de los Obtentores de Variedades Vegetales,ltr,,,1993.0,,,,,,,,,,,,False,False,,,https://wipolex-resources-eu-central-1-358922420655.s3.amazonaws.com/edocs/lexdocs/laws/es/co/co089es.pdf,Spanish,,"[{'id': 331275, 'value': 'pdf', 'fileUrl': None}]",True,co089es.pdf
43,CO,14722,,Décision n° 345 de la Commission de la Communauté andine sur le régime commun concernant la protection des droits des obtenteurs de variétés végétales,ltr,,,1993.0,,,,,,,,,,,,False,False,,,https://wipolex-resources-eu-central-1-358922420655.s3.amazonaws.com/edocs/lexdocs/laws/fr/co/co089fr.pdf,French,,"[{'id': 586621, 'value': 'pdf', 'fileUrl': None}]",True,co089fr.pdf
44,CR,9018,,"Law No. 8631 of March 6, 2008, on the Protection of New Varieties of Plants (as amended by Law No. 8686 of November 21, 2008)",ltr,,,2008.0,,,,,,,,,,,,False,False,,,https://wipolex-resources-eu-central-1-358922420655.s3.amazonaws.com/edocs/lexdocs/laws/en/cr/cr027en.pdf,English,,"[{'id': 216181, 'value': 'pdf', 'fileUrl': None}]",True,cr027en.pdf
45,CR,896,,"Law No. 7788 of April 30, 1998, on Biodiversity",ltr,,,1998.0,,,,,,,,,,,,False,False,,,https://wipolex-resources-eu-central-1-358922420655.s3.amazonaws.com/edocs/lexdocs/laws/en/cr/cr018en.pdf,English,,"[{'id': 208691, 'value': 'pdf', 'fileUrl': None}]",True,cr018en.pdf
46,CZ,9516,,"Act No. 184/2008 Coll., on Amendments to Act on the Protection of Plant Variety Rights",ltr,,,2008.0,,,,,,,,,,,,False,False,,,https://wipolex-resources-eu-central-1-358922420655.s3.amazonaws.com/edocs/lexdocs/laws/en/cz/cz064en.pdf,English,,"[{'id': 224271, 'value': 'pdf', 'fileUrl': None}]",True,cz064en.pdf
47,CZ,964,,"Act No. 408/2000 Coll., of October 25, 2000, on the Protection of Plant Variety Rights and the Amendment to Act No. 92/1996 Coll., on Plant Varieties, Seed and Planting Material of Cultivated Plants, as amended (Act on the Protection of Plant Variety Rights)",ltr,,,2001.0,,,,,,,,,,,,False,False,,,https://wipolex-resources-eu-central-1-358922420655.s3.amazonaws.com/edocs/lexdocs/laws/en/cz/cz031en.pdf,English,,"[{'id': 126158, 'value': 'pdf', 'fileUrl': None}]",True,cz031en.pdf
48,DE,5661,,Sortenschutzgesetz (geändert am 7. August 2013),ltr,,,2013.0,,,,,,,,,,,,False,False,,,https://wipolex-resources-eu-central-1-358922420655.s3.amazonaws.com/edocs/lexdocs/laws/de/de/de110de.pdf,German,,"[{'id': 362295, 'value': 'pdf', 'fileUrl': None}]",True,de110de.pdf
48,DE,5661,,"Plant Variety Protection Act (as amended up to August 7, 2013)",ltr,,,2013.0,,,,,,,,,,,,False,False,,,https://wipolex-resources-eu-central-1-358922420655.s3.amazonaws.com/edocs/lexdocs/laws/en/de/de110en.pdf,English,,"[{'id': 375375, 'value': 'pdf', 'fileUrl': None}]",True,de110en.pdf
49,DE,9526,,"Plant Variety Protection Act (as amended up to July 17, 1997)",ltr,,,1997.0,,,,,,,,,,,,False,False,,,https://wipolex-resources-eu-central-1-358922420655.s3.amazonaws.com/edocs/lexdocs/laws/en/de/de118en.pdf,English,,"[{'id': 224301, 'value': 'pdf', 'fileUrl': None}]",True,de118en.pdf
50,DK,1069,,"Consolidate Act on Plant Variety Protection (Consolidate Act No. 51 of February 5, 1996)",ltr,,,1996.0,,,,,,,,,,,,False,False,,,https://wipolex-resources-eu-central-1-358922420655.s3.amazonaws.com/edocs/lexdocs/laws/en/dk/dk008en.pdf,English,,"[{'id': 126287, 'value': 'pdf', 'fileUrl': None}]",True,dk008en.pdf
51,DO,17840,,"Decreto N° 108-15, de 22 abril de 2015, que establece el Reglamento de Aplicación de la Ley N° 450-06, sobre Protección de los Derechos del Obtentor de Variedades Vegetales",ltr,,,2015.0,,,,,,,,,,,,False,False,,,https://wipolex-resources-eu-central-1-358922420655.s3.amazonaws.com/edocs/lexdocs/laws/es/do/do083es.pdf,Spanish,,"[{'id': 467785, 'value': 'pdf', 'fileUrl': None}]",True,do083es.pdf
52,DO,10139,,Ley N° 450-06 sobre Protección de los Derechos del Obtentor de Variedades Vegetales,ltr,,,2006.0,,,,,,,,,,,,False,False,,,https://wipolex-resources-eu-central-1-358922420655.s3.amazonaws.com/edocs/lexdocs/laws/es/do/do014es.pdf,Spanish,,"[{'id': 525364, 'value': 'pdf', 'fileUrl': None}]",True,do014es.pdf
53,EC,1217,,Decision No. 345 Establishing the Common Regime on the Protection of the Rights of Breeders of New Plant Varieties,ltr,,,1993.0,,,,,,,,,,,,False,False,,,https://wipolex-resources-eu-central-1-358922420655.s3.amazonaws.com/edocs/lexdocs/laws/en/ec/ec013en.pdf,English,,"[{'id': 126486, 'value': 'pdf', 'fileUrl': None}]",True,ec013en.pdf
53,EC,1217,,Decisión N° 345  sobre el Régimen Común de Protección a los Derechos de los Obtentores de Variedades Vegetales,ltr,,,1993.0,,,,,,,,,,,,False,False,,,https://wipolex-resources-eu-central-1-358922420655.s3.amazonaws.com/edocs/lexdocs/laws/es/ec/ec013es.pdf,Spanish,,"[{'id': 126488, 'value': 'pdf', 'fileUrl': None}]",True,ec013es.pdf
53,EC,1217,,Décision n° 345 sur le régime commun concernant la protection des droits des obtenteurs de variétés végétales,ltr,,,1993.0,,,,,,,,,,,,False,False,,,https://wipolex-resources-eu-central-1-358922420655.s3.amazonaws.com/edocs/lexdocs/laws/fr/ec/ec013fr.pdf,French,,"[{'id': 126490, 'value': 'pdf', 'fileUrl': None}]",True,ec013fr.pdf
54,EG,19305,,"Law No. 82 of 2002 on the Protection of Intellectual Property Rights (Book Four, as amended by Law No. 26 of 2015 and Law No. 144 of 2019)",ltr,,,2019.0,,,,,,,,,,,,False,False,,,https://wipolex-resources-eu-central-1-358922420655.s3.amazonaws.com/edocs/lexdocs/laws/en/eg/eg063en.pdf,English,,"[{'id': 538383, 'value': 'pdf', 'fileUrl': None}]",True,eg063en.pdf
55,ES,1391,,"Law No. 3/2000 of January 7, 2000, on the Protection of Plant Varieties",ltr,,,2000.0,,,,,,,,,,,,False,False,,,https://wipolex-resources-eu-central-1-358922420655.s3.amazonaws.com/edocs/lexdocs/laws/en/es/es089en.pdf,English,,"[{'id': 185347, 'value': 'pdf', 'fileUrl': None}]",True,es089en.pdf
56,EE,19152,,"Plant Propagation and Plant Variety Rights Act (consolidated text of April 1, 2019)",ltr,,,2019.0,,,,,,,,,,,,False,False,,,https://wipolex-resources-eu-central-1-358922420655.s3.amazonaws.com/edocs/lexdocs/laws/en/ee/ee239en.pdf,English,,"[{'id': 564856, 'value': 'pdf', 'fileUrl': None}]",True,ee239en.pdf
57,EE,1297,,"Plant Propagation and Plant Variety Rights Act (consolidated text of January 1, 2015)",ltr,,,2015.0,,,,,,,,,,,,False,False,,,https://wipolex-resources-eu-central-1-358922420655.s3.amazonaws.com/edocs/lexdocs/laws/en/ee/ee065en.pdf,English,,"[{'id': 361676, 'value': 'pdf', 'fileUrl': None}]",True,ee065en.pdf
58,EE,1243,,"Plant Variety Act, 1998 (as amended by Act of January 19, 2000,  RT 12000, 10, 56)",ltr,,,2000.0,,,,,,,,,,,,False,False,,,https://wipolex-resources-eu-central-1-358922420655.s3.amazonaws.com/edocs/lexdocs/laws/en/ee/ee011en.pdf,English,,"[{'id': 126536, 'value': 'pdf', 'fileUrl': None}]",True,ee011en.pdf
59,FI,11025,,"Plant Breeder's Right Act (Act No. 1279/2009 of December 22, 2009)",ltr,,,2009.0,,,,,,,,,,,,False,False,,,https://wipolex-resources-eu-central-1-358922420655.s3.amazonaws.com/edocs/lexdocs/laws/en/fi/fi104en.pdf,English,,"[{'id': 244393, 'value': 'pdf', 'fileUrl': None}]",True,fi104en.pdf
60,FI,9522,,"Act on Plant Variety Rights (Act No. 789 of August 21, 1992, as amended up to Act No. 238 of March 5, 1999)",ltr,,,1999.0,,,,,,,,,,,,False,False,,,https://wipolex-resources-eu-central-1-358922420655.s3.amazonaws.com/edocs/lexdocs/laws/en/fi/fi103en.pdf,English,,"[{'id': 224295, 'value': 'pdf', 'fileUrl': None}]",True,fi103en.pdf
61,FR,11816,,"Law No. 2011-1843 of December 8, 2011, on Certificates of New Plant Variety",ltr,,,2011.0,,,,,,,,,,,,False,False,,,https://wipolex-resources-eu-central-1-358922420655.s3.amazonaws.com/edocs/lexdocs/laws/en/fr/fr208en.pdf,English,,"[{'id': 541880, 'value': 'pdf', 'fileUrl': None}]",True,fr208en.pdf
61,FR,11816,,Loi n° 2011-1843 du 8 décembre 2011 relative aux certificats d’obtention végétale,ltr,,,2011.0,,,,,,,,,,,,False,False,,,https://wipolex-resources-eu-central-1-358922420655.s3.amazonaws.com/edocs/lexdocs/laws/fr/fr/fr208fr.pdf,French,,"[{'id': 538380, 'value': 'pdf', 'fileUrl': None}]",True,fr208fr.pdf
62,GB,5999,,The Patents and Plant Variety Rights (Compulsory Licensing) Regulations 2002 (S.I. 2002/247),ltr,,,2002.0,,,,,,,,,,,,False,False,,,https://wipolex-resources-eu-central-1-358922420655.s3.amazonaws.com/edocs/lexdocs/laws/en/gb/gb177en.pdf,English,,"[{'id': 180619, 'value': 'pdf', 'fileUrl': None}]",True,gb177en.pdf
62,GB,5999,,The Patents and Plant Variety Rights (Compulsory Licensing) Regulations 2002 (S.I. 2002/247),ltr,,,2002.0,,,,,,,,,,,,False,False,,,https://wipolex-resources-eu-central-1-358922420655.s3.amazonaws.com/edocs/lexdocs/laws/en/gb/gb177en-wto.pdf,English,,"[{'id': 581728, 'value': 'pdf', 'fileUrl': None}]",True,gb177en-wto.pdf
63,GB,5991,,Plant Varieties Act 1997 (Chapter 66) ,ltr,,,1998.0,,,,,,,,,,,,False,False,,,https://wipolex-resources-eu-central-1-358922420655.s3.amazonaws.com/edocs/lexdocs/laws/en/gb/gb171en.pdf,English,,"[{'id': 180608, 'value': 'pdf', 'fileUrl': None}]",True,gb171en.pdf
64,GB,5995,,The Plant Breeders' Rights (Farm Saved Seed) (Specification of Species and Groups) Order 1998,ltr,,,1998.0,,,,,,,,,,,,False,False,,,https://wipolex-resources-eu-central-1-358922420655.s3.amazonaws.com/edocs/lexdocs/laws/en/gb/gb174en.pdf,English,,"[{'id': 180612, 'value': 'pdf', 'fileUrl': None}]",True,gb174en.pdf
65,GB,5996,,The Plant Breeders' Rights (Farm Saved Seed) (Specified Information) Regulations 1998,ltr,,,1998.0,,,,,,,,,,,,False,False,,,https://wipolex-resources-eu-central-1-358922420655.s3.amazonaws.com/edocs/lexdocs/laws/en/gb/gb175en.pdf,English,,"[{'id': 180613, 'value': 'pdf', 'fileUrl': None}]",True,gb175en.pdf
66,GB,5993,,The Plant Breeders' Rights (Information Notices) (Extension to European Community Plant Variety Rights) Regulations 1998,ltr,,,1998.0,,,,,,,,,,,,False,False,,,https://wipolex-resources-eu-central-1-358922420655.s3.amazonaws.com/edocs/lexdocs/laws/en/gb/gb172en.pdf,English,,"[{'id': 180609, 'value': 'pdf', 'fileUrl': None}]",True,gb172en.pdf
67,GB,5994,,The Plant Breeders' Rights (Information Notices) Regulations 1998,ltr,,,1998.0,,,,,,,,,,,,False,False,,,https://wipolex-resources-eu-central-1-358922420655.s3.amazonaws.com/edocs/lexdocs/laws/en/gb/gb173en.pdf,English,,"[{'id': 180611, 'value': 'pdf', 'fileUrl': None}]",True,gb173en.pdf
68,GB,5997,,The Plant Breeders' Rights Regulations 1998,ltr,,,1998.0,,,,,,,,,,,,False,False,,,https://wipolex-resources-eu-central-1-358922420655.s3.amazonaws.com/edocs/lexdocs/laws/en/gb/gb176en.pdf,English,,"[{'id': 180614, 'value': 'pdf', 'fileUrl': None}]",True,gb176en.pdf
69,GE,11317,,"Law of Georgia No. 4066-RS of December 15, 2010, on the Protection of New Breeds of Animals and Varieties of Plants",ltr,,,2010.0,,,,,,,,,,,,False,False,,,https://wipolex-resources-eu-central-1-358922420655.s3.amazonaws.com/edocs/lexdocs/laws/en/ge/ge038en.pdf,English,,"[{'id': 247756, 'value': 'pdf', 'fileUrl': None}]",True,ge038en.pdf
70,GE,10910,,"Law of Georgia for the Protection of New Varieties of Plants of December 29, 2006",ltr,,,2007.0,,,,,,,,,,,,False,False,,,https://wipolex-resources-eu-central-1-358922420655.s3.amazonaws.com/edocs/lexdocs/laws/en/ge/ge027en.pdf,English,,"[{'id': 243068, 'value': 'pdf', 'fileUrl': None}]",True,ge027en.pdf
72,HR,11820,,"Act of October 21, 2011, on Amendments to the Plant Variety Protection Act (promulgated by Decision No. 71-05-03/1-11-2 of October 26, 2011)",ltr,,,2011.0,,,,,,,,,,,,False,False,,,https://wipolex-resources-eu-central-1-358922420655.s3.amazonaws.com/edocs/lexdocs/laws/en/hr/hr068en.pdf,English,,"[{'id': 268112, 'value': 'pdf', 'fileUrl': None}]",True,hr068en.pdf
73,HR,11810,,"Ordinance of May 10, 2011, on the Procedure of Examination of Distinctness, Uniformity and Stability of New Plant Varieties for the Purpose of Granting a Plant Breeder's Right and Registration of Varieties (OG No. 61/2011)",ltr,,,2011.0,,,,,,,,,,,,False,False,,,https://wipolex-resources-eu-central-1-358922420655.s3.amazonaws.com/edocs/lexdocs/laws/en/hr/hr066en.pdf,English,,"[{'id': 268005, 'value': 'pdf', 'fileUrl': None}]",True,hr066en.pdf
74,HR,11809,,"Ordinance of May 13, 2011, on Entry in the Registers in Carrying Out the Plant Variety Protection Activities",ltr,,,2011.0,,,,,,,,,,,,False,False,,,https://wipolex-resources-eu-central-1-358922420655.s3.amazonaws.com/edocs/lexdocs/laws/en/hr/hr065en.pdf,English,,"[{'id': 267921, 'value': 'pdf', 'fileUrl': None}]",True,hr065en.pdf
75,HR,11819,,"Act on Amendments to the Plant Variety Protection Act of May 30, 2008 (promulgated by Decision No. 71-05-03/1-08-2 of June 4, 2008, OG No. 67/08)",ltr,,,2008.0,,,,,,,,,,,,False,False,,,https://wipolex-resources-eu-central-1-358922420655.s3.amazonaws.com/edocs/lexdocs/laws/en/hr/hr067en.pdf,English,,"[{'id': 268135, 'value': 'pdf', 'fileUrl': None}]",True,hr067en.pdf
76,HR,10941,,Decree on the (amount of) Fees relating to the Plant Variety Protection,ltr,,,2001.0,,,,,,,,,,,,False,False,,,https://wipolex-resources-eu-central-1-358922420655.s3.amazonaws.com/edocs/lexdocs/laws/en/hr/hr059en.pdf,English,,"[{'id': 243865, 'value': 'pdf', 'fileUrl': None}]",True,hr059en.pdf
78,HR,10937,,"Act on Amendments to the Plant Variety Protection Act (promulgated by Decision No. 01-081-00-2157/2 of June 16, 2000, OG Nos. 131/97 & 62/2000)",ltr,,,2000.0,,,,,,,,,,,,False,False,,,https://wipolex-resources-eu-central-1-358922420655.s3.amazonaws.com/edocs/lexdocs/laws/en/hr/hr056en.pdf,English,,"[{'id': 243853, 'value': 'pdf', 'fileUrl': None}]",True,hr056en.pdf
79,HR,2162,,"Plant Variety Right Protection Law (Promulgated by Decision No. 081-97-1973/1 on November 28, 1997, OG No. 131/97)",ltr,,,1997.0,,,,,,,,,,,,False,False,,,https://wipolex-resources-eu-central-1-358922420655.s3.amazonaws.com/edocs/lexdocs/laws/en/hr/hr014en.pdf,English,,"[{'id': 243696, 'value': 'pdf', 'fileUrl': None}]",True,hr014en.pdf
79,HR,2162,,Zakon o Zastiti Sorti Poljoprivrednog Bilja,ltr,,,1997.0,,,,,,,,,,,,False,False,,,https://wipolex-resources-eu-central-1-358922420655.s3.amazonaws.com/edocs/lexdocs/laws/hr/hr/hr014hr.pdf,Croatian,,"[{'id': 243830, 'value': 'pdf', 'fileUrl': None}]",True,hr014hr.pdf
80,HU,10945,,Act No. XXXIII of 1995 on the Protection of Inventions by Patents (as amended by Act XXVII of 2009),ltr,,,2009.0,,,,,,,,,,,,False,False,,,https://wipolex-resources-eu-central-1-358922420655.s3.amazonaws.com/edocs/lexdocs/laws/en/hu/hu083en.pdf,English,,"[{'id': 243893, 'value': 'pdf', 'fileUrl': None}]",True,hu083en.pdf
81,HU,2190,,Act No. XXXIII of 1995 on the Protection of Inventions by Patents,ltr,,,1996.0,,,,,,,,,,,,False,False,,,https://wipolex-resources-eu-central-1-358922420655.s3.amazonaws.com/edocs/lexdocs/laws/en/hu/hu010en.pdf,English,,"[{'id': 127793, 'value': 'pdf', 'fileUrl': None}]",True,hu010en.pdf
81,HU,2190,,Loi n° XXXIII de 1995 sur la protection des inventions par les brevets,ltr,,,1996.0,,,,,,,,,,,,False,False,,,https://wipolex-resources-eu-central-1-358922420655.s3.amazonaws.com/edocs/lexdocs/laws/fr/hu/hu010fr.pdf,French,,"[{'id': 127795, 'value': 'pdf', 'fileUrl': None}]",True,hu010fr.pdf
82,IE,11815,,"Plant Varieties (Farm Saved Seed) Regulations, 2000 (S.I. No. 493/2000)",ltr,,,2000.0,,,,,,,,,,,,False,False,,,https://wipolex-resources-eu-central-1-358922420655.s3.amazonaws.com/edocs/lexdocs/laws/en/ie/ie181en.pdf,English,,"[{'id': 268007, 'value': 'pdf', 'fileUrl': None}]",True,ie181en.pdf
83,IE,11811,,Plant Varieties (Proprietary Rights) (Amendment) Act 1998 (Act No. 41 of 1998),ltr,,,2000.0,,,,,,,,,,,,False,False,,,https://wipolex-resources-eu-central-1-358922420655.s3.amazonaws.com/edocs/lexdocs/laws/en/ie/ie177en.pdf,English,,"[{'id': 267977, 'value': 'pdf', 'fileUrl': None}]",True,ie177en.pdf
84,IE,11813,,"Plant Varieties (Proprietary Rights) (Amendment) Act, 1998 (Commencement) Order, 2000 (S.I. No. 489/2000)",ltr,,,2000.0,,,,,,,,,,,,False,False,,,https://wipolex-resources-eu-central-1-358922420655.s3.amazonaws.com/edocs/lexdocs/laws/en/ie/ie179en.pdf,English,,"[{'id': 268026, 'value': 'pdf', 'fileUrl': None}]",True,ie179en.pdf
85,IE,11814,,"Plant Varieties (Proprietary Rights) (Amendment) Regulations, 2000 (S.I. No. 490/2000)",ltr,,,2000.0,,,,,,,,,,,,False,False,,,https://wipolex-resources-eu-central-1-358922420655.s3.amazonaws.com/edocs/lexdocs/laws/en/ie/ie180en.pdf,English,,"[{'id': 268006, 'value': 'pdf', 'fileUrl': None}]",True,ie180en.pdf
86,IE,2337,,Plant Variety (Proprietary Rights) Act 1980 ,ltr,,,1981.0,,,,,,,,,,,,False,False,,,https://wipolex-resources-eu-central-1-358922420655.s3.amazonaws.com/edocs/lexdocs/laws/en/ie/ie075en.pdf,English,,"[{'id': 587367, 'value': 'pdf', 'fileUrl': None}]",True,ie075en.pdf
87,IS,8918,,Breeder's Right Act ,ltr,,,2004.0,,,,,,,,,,,,False,False,,,https://wipolex-resources-eu-central-1-358922420655.s3.amazonaws.com/edocs/lexdocs/laws/en/is/is100en.pdf,English,,"[{'id': 215020, 'value': 'pdf', 'fileUrl': None}]",True,is100en.pdf
88,IL,9524,,"Plant Breeders' Rights Law, 5733-1973",ltr,,,1996.0,,,,,,,,,,,,False,False,,,https://wipolex-resources-eu-central-1-358922420655.s3.amazonaws.com/edocs/lexdocs/laws/en/il/il032en.pdf,English,,"[{'id': 224260, 'value': 'pdf', 'fileUrl': None}]",True,il032en.pdf
89,IT,9534,,"Legislative Decree No. 455 of November 3, 1998, on Adaptation to the Provisions of the 1991 Act of the International Convention for the Protection of New Varieties of Plants",ltr,,,1998.0,,,,,,,,,,,,False,False,,,https://wipolex-resources-eu-central-1-358922420655.s3.amazonaws.com/edocs/lexdocs/laws/en/it/it118en.pdf,English,,"[{'id': 224329, 'value': 'pdf', 'fileUrl': None}]",True,it118en.pdf
89,IT,9534,,"Decreto legislativo del 3 novembre 1998, n. 455 Norme di adeguamento alle prescrizioni dell'atto di revisione del 1991 della convenzione internazionale per la protezione delle novita' vegetali",ltr,,,1998.0,,,,,,,,,,,,False,False,,,https://wipolex-resources-eu-central-1-358922420655.s3.amazonaws.com/edocs/lexdocs/laws/it/it/it118it.pdf,Italian,,"[{'id': 234777, 'value': 'pdf', 'fileUrl': None}]",True,it118it.pdf
90,JO,2619,,Law No. 24 of 2000 on the Protection of New Varieties of Plants,ltr,,,2000.0,,,,,,,,,,,,False,False,,,https://wipolex-resources-eu-central-1-358922420655.s3.amazonaws.com/edocs/lexdocs/laws/en/jo/jo026en.pdf,English,,"[{'id': 128330, 'value': 'pdf', 'fileUrl': None}]",True,jo026en.pdf
91,JP,21352,,"Plant Variety Protection and Seed Act (Act No. 83 of May 29, 1998, as amended up to Act No. 74 of December 9, 2020)",ltr,,,2021.0,,,,,,,,,,,,False,False,,,https://wipolex-resources-eu-central-1-358922420655.s3.amazonaws.com/edocs/lexdocs/laws/en/jp/jp253en.pdf,English,,"[{'id': 584887, 'value': 'pdf', 'fileUrl': None}]",True,jp253en.pdf
92,JP,6977,,"Plant Variety Protection and Seed Act (Act No. 83 of May 29, 1998, as amended up to Act No. 49 of May 18, 2007)",ltr,,,2007.0,,,,,,,,,,,,False,False,,,https://wipolex-resources-eu-central-1-358922420655.s3.amazonaws.com/edocs/lexdocs/laws/en/jp/jp134en.pdf,English,,"[{'id': 187738, 'value': 'pdf', 'fileUrl': None}]",True,jp134en.pdf
93,KE,16028,,"Seeds and Plant Varieties (Amendment) Act, 2012",ltr,,,2013.0,,,,,,,,,,,,False,False,,,https://wipolex-resources-eu-central-1-358922420655.s3.amazonaws.com/edocs/lexdocs/laws/en/ke/ke027en.pdf,English,,"[{'id': 400615, 'value': 'pdf', 'fileUrl': None}]",True,ke027en.pdf
94,KE,16029,,"Seeds and Plant Varieties Act, 1972 (Chapter 326, as amended up to Act No. 53 of 2012)",ltr,,,2013.0,,,,,,,,,,,,False,False,,,https://wipolex-resources-eu-central-1-358922420655.s3.amazonaws.com/edocs/lexdocs/laws/en/ke/ke028en.pdf,English,,"[{'id': 506145, 'value': 'pdf', 'fileUrl': None}]",True,ke028en.pdf
95,KG,7298,,"Law of the Kyrgyz Republic No. 79 of June 13, 1998, on Legal Protection of Selective Breeding Achievements (as amended up to Law No. 155 of August 8, 2006)",ltr,,,2006.0,,,,,,,,,,,,False,False,,,https://wipolex-resources-eu-central-1-358922420655.s3.amazonaws.com/edocs/lexdocs/laws/en/kg/kg063en.pdf,English,,"[{'id': 190115, 'value': 'pdf', 'fileUrl': None}]",True,kg063en.pdf
96,KG,10994,,"Law of the Kyrgyz Republic No. 79 of June 13, 1998, on Legal Protection of Selective Breeding Achievements",ltr,,,1998.0,,,,,,,,,,,,False,False,,,https://wipolex-resources-eu-central-1-358922420655.s3.amazonaws.com/edocs/lexdocs/laws/en/kg/kg085en.pdf,English,,"[{'id': 244080, 'value': 'pdf', 'fileUrl': None}]",True,kg085en.pdf
97,KR,13731,,"Plant Variety Protection Act (Act No. 11457 of June 1, 2012, as amended up to Act No. 12062 of August 13, 2013)",ltr,,,2013.0,,,,,,,,,,,,False,False,,,https://wipolex-resources-eu-central-1-358922420655.s3.amazonaws.com/edocs/lexdocs/laws/en/kr/kr159en.pdf,English,,"[{'id': 398599, 'value': 'pdf', 'fileUrl': None}]",True,kr159en.pdf
98,LT,15421,,"Law No. IX–618 of November 22, 2001, on the Protection of Plant Varieties ",ltr,,,2012.0,,,,,,,,,,,,False,False,,,https://wipolex-resources-eu-central-1-358922420655.s3.amazonaws.com/edocs/lexdocs/laws/en/lt/lt080en.pdf,English,,"[{'id': 565400, 'value': 'pdf', 'fileUrl': None}]",True,lt080en.pdf
99,LT,7180,,"Law No. IX–618 of November 22, 2001, on the Protection of Plant Varieties (as amended by Law No. X-862 of October 19, 2006)",ltr,,,2006.0,,,,,,,,,,,,False,False,,,https://wipolex-resources-eu-central-1-358922420655.s3.amazonaws.com/edocs/lexdocs/laws/en/lt/lt049en.pdf,English,,"[{'id': 188793, 'value': 'pdf', 'fileUrl': None}]",True,lt049en.pdf
100,LT,2859,,"Law No. IX-618 of November 22, 2001, on the Protection of Plant Varieties",ltr,,,2002.0,,,,,,,,,,,,False,False,,,https://wipolex-resources-eu-central-1-358922420655.s3.amazonaws.com/edocs/lexdocs/laws/en/lt/lt009en.pdf,English,,"[{'id': 128568, 'value': 'pdf', 'fileUrl': None}]",True,lt009en.pdf
101,LV,15323,,Plant Varieties Protection Law,ltr,,,2012.0,,,,,,,,,,,,False,False,,,https://wipolex-resources-eu-central-1-358922420655.s3.amazonaws.com/edocs/lexdocs/laws/en/lv/lv050en.pdf,English,,"[{'id': 352518, 'value': 'pdf', 'fileUrl': None}]",True,lv050en.pdf
102,LV,9543,,"Plant Varieties Protection Law (as  amended on December 21, 2005)",ltr,,,2005.0,,,,,,,,,,,,False,False,,,https://wipolex-resources-eu-central-1-358922420655.s3.amazonaws.com/edocs/lexdocs/laws/en/lv/lv049en.pdf,English,,"[{'id': 224573, 'value': 'pdf', 'fileUrl': None}]",True,lv049en.pdf
103,LV,2951,,Plant Varieties Protection Law,ltr,,,2002.0,,,,,,,,,,,,False,False,,,https://wipolex-resources-eu-central-1-358922420655.s3.amazonaws.com/edocs/lexdocs/laws/en/lv/lv018en.pdf,English,,"[{'id': 128689, 'value': 'pdf', 'fileUrl': None}]",True,lv018en.pdf
105,MD,16200,,"Law No. 39-XVI of February 29, 2008, on the Protection of Plant Varieties  (as amended up to Law No. 162 of July 30, 2015)",ltr,,,2015.0,,,,,,,,,,,,False,False,,,https://wipolex-resources-eu-central-1-358922420655.s3.amazonaws.com/edocs/lexdocs/laws/en/md/md115en.pdf,English,,"[{'id': 410104, 'value': 'pdf', 'fileUrl': None}]",True,md115en.pdf
106,MD,15544,,"Law No. 39-XVI of February 29, 2008, on the Protection of Plant Varieties (as amended up to Law No. 173 of July 25, 2014)",ltr,,,2014.0,,,,,,,,,,,,False,False,,,https://wipolex-resources-eu-central-1-358922420655.s3.amazonaws.com/edocs/lexdocs/laws/en/md/md112en.pdf,English,,"[{'id': 364257, 'value': 'pdf', 'fileUrl': None}]",True,md112en.pdf
107,MD,9538,,"Law No. 39-XVI of February 29, 2008, on the Protection of Plant Varieties",ltr,,,2008.0,,,,,,,,,,,,False,False,,,https://wipolex-resources-eu-central-1-358922420655.s3.amazonaws.com/edocs/lexdocs/laws/en/md/md045en.pdf,English,,"[{'id': 224334, 'value': 'pdf', 'fileUrl': None}]",True,md045en.pdf
108,MD,2995,,"Law No. 915-XIII of July 11, 1996, on the Protection of Plant Varieties",ltr,,,2000.0,,,,,,,,,,,,False,False,,,https://wipolex-resources-eu-central-1-358922420655.s3.amazonaws.com/edocs/lexdocs/laws/en/md/md007en.pdf,English,,"[{'id': 128729, 'value': 'pdf', 'fileUrl': None}]",True,md007en.pdf
109,MX,3082,,"Regulations of the Federal Law on Plant Varieties (published in the Official Journal of the Federation on September 24, 1998)",ltr,,,1998.0,,,,,,,,,,,,False,False,,,https://wipolex-resources-eu-central-1-358922420655.s3.amazonaws.com/edocs/lexdocs/laws/en/mx/mx006en.pdf,English,,"[{'id': 224314, 'value': 'pdf', 'fileUrl': None}]",True,mx006en.pdf
110,MX,3081,,"Federal Law on Plant Varieties (published in the Official Journal of the Federation on October 25, 1996)",ltr,,,1996.0,,,,,,,,,,,,False,False,,,https://wipolex-resources-eu-central-1-358922420655.s3.amazonaws.com/edocs/lexdocs/laws/en/mx/mx005en.pdf,English,,"[{'id': 224281, 'value': 'pdf', 'fileUrl': None}]",True,mx005en.pdf
111,MK,11026,,Law on Breeder’s Rights,ltr,,,2009.0,,,,,,,,,,,,False,False,,,https://wipolex-resources-eu-central-1-358922420655.s3.amazonaws.com/edocs/lexdocs/laws/en/mk/mk020en.pdf,English,,"[{'id': 244364, 'value': 'pdf', 'fileUrl': None}]",True,mk020en.pdf
112,ME,15782,,"Law on Protection of Plant Varieties  (Official Gazette of Montenegro, No. 48/2007, 48/2008 and 40/2011)",ltr,,,2011.0,,,,,,,,,,,,False,False,,,https://wipolex-resources-eu-central-1-358922420655.s3.amazonaws.com/edocs/lexdocs/laws/en/me/me045en.pdf,English,,"[{'id': 381963, 'value': 'pdf', 'fileUrl': None}]",True,me045en.pdf
113,NI,3173,,"Law No. 318 on the Protection of New Varieties of Plants (revised text in February, 2001) ",ltr,,,2001.0,,,,,,,,,,,,False,False,,,https://wipolex-resources-eu-central-1-358922420655.s3.amazonaws.com/edocs/lexdocs/laws/en/ni/ni014en.pdf,English,,"[{'id': 224452, 'value': 'pdf', 'fileUrl': None}]",True,ni014en.pdf
114,NI,12842,,Law No. 318 of 1999 on the Protection of New Varieties of Plants,ltr,,,1999.0,,,,,,,,,,,,False,False,,,https://wipolex-resources-eu-central-1-358922420655.s3.amazonaws.com/edocs/lexdocs/laws/en/ni/ni047en.pdf,English,,"[{'id': 281173, 'value': 'pdf', 'fileUrl': None}]",True,ni047en.pdf
114,NI,12842,,Ley N° 318 de 1999 de Protección para las Obtenciones Vegetales,ltr,,,1999.0,,,,,,,,,,,,False,False,,,https://wipolex-resources-eu-central-1-358922420655.s3.amazonaws.com/edocs/lexdocs/laws/es/ni/ni047es.pdf,Spanish,,"[{'id': 281121, 'value': 'pdf', 'fileUrl': None}]",True,ni047es.pdf
115,NL,9525,,"Act of February 19, 2005, containing New Regulations Governing the Approval of Varieties of Plants, the Marketing of Propagating Material, and the Granting of Breeder's Rights (Seeds and Planting Materials Act, 2005)",ltr,,,2006.0,,,,,,,,,,,,False,False,,,https://wipolex-resources-eu-central-1-358922420655.s3.amazonaws.com/edocs/lexdocs/laws/en/nl/nl057en.pdf,English,,"[{'id': 224299, 'value': 'pdf', 'fileUrl': None}]",True,nl057en.pdf
116,NO,9530,,"Regulations Concerning the Plant Breeder's Right (as amended on July 16, 1997)",ltr,,,1997.0,,,,,,,,,,,,False,False,,,https://wipolex-resources-eu-central-1-358922420655.s3.amazonaws.com/edocs/lexdocs/laws/en/no/no065en.pdf,English,,"[{'id': 224262, 'value': 'pdf', 'fileUrl': None}]",True,no065en.pdf
118,NZ,22410,,"Plant Variety Rights Act 2022 (Act No. 61 of 2022, consolidated January 24, 2023)",ltr,,,2023.0,,,,,,,,,,,,False,False,,,https://wipolex-resources-eu-central-1-358922420655.s3.amazonaws.com/edocs/lexdocs/laws/en/nz/nz256en.pdf,English,,"[{'id': 590187, 'value': 'pdf', 'fileUrl': None}]",True,nz256en.pdf
119,NZ,22411,,Plant Variety Rights Regulations 2022 (SL 2022/346),ltr,,,2023.0,,,,,,,,,,,,False,False,,,https://wipolex-resources-eu-central-1-358922420655.s3.amazonaws.com/edocs/lexdocs/laws/en/nz/nz257en.pdf,English,,"[{'id': 590188, 'value': 'pdf', 'fileUrl': None}]",True,nz257en.pdf
120,NZ,3304,,Plant Variety Rights Act 1987  (reprint as at 1 July 2013),ltr,,,2013.0,,,,,,,,,,,,False,False,,,https://wipolex-resources-eu-central-1-358922420655.s3.amazonaws.com/edocs/lexdocs/laws/en/nz/nz020en.pdf,English,,"[{'id': 129111, 'value': 'pdf', 'fileUrl': None}]",True,nz020en.pdf
121,NZ,10927,,Plant Variety Rights Amendment Act 1999,ltr,,,1999.0,,,,,,,,,,,,False,False,,,https://wipolex-resources-eu-central-1-358922420655.s3.amazonaws.com/edocs/lexdocs/laws/en/nz/nz124en.pdf,English,,"[{'id': 243245, 'value': 'pdf', 'fileUrl': None}]",True,nz124en.pdf
122,OM,9518,,Law on the Protection of Breeders' Rights in New Varieties of Plants (promulgated by Royal Decree No. 49/2009),ltr,,,2010.0,,,,,,,,,,,,False,False,,,https://wipolex-resources-eu-central-1-358922420655.s3.amazonaws.com/edocs/lexdocs/laws/en/om/om017en.pdf,English,,"[{'id': 243178, 'value': 'pdf', 'fileUrl': None}]",True,om017en.pdf
123,PA,7183,,"Executive Decree No. 13 of March 19, 1999, on the Implementation of Title V of Law No. 23 of July 15, 1997",ltr,,,1999.0,,,,,,,,,,,,False,False,,,https://wipolex-resources-eu-central-1-358922420655.s3.amazonaws.com/edocs/lexdocs/laws/en/pa/pa026en.pdf,English,,"[{'id': 189406, 'value': 'pdf', 'fileUrl': None}]",True,pa026en.pdf
124,PA,3391,,"Law No. 23 of July 15, 1997, Title V, Provisions on the Protection of Plant Varieties",ltr,,,1997.0,,,,,,,,,,,,False,False,,,https://wipolex-resources-eu-central-1-358922420655.s3.amazonaws.com/edocs/lexdocs/laws/en/pa/pa006en.pdf,English,,"[{'id': 129273, 'value': 'pdf', 'fileUrl': None}]",True,pa006en.pdf
124,PA,3391,,"Ley N° 23 de 15 de julio de 1997 Título V, Normas para la Protección de las Obtenciones Vegetales",ltr,,,1997.0,,,,,,,,,,,,False,False,,,https://wipolex-resources-eu-central-1-358922420655.s3.amazonaws.com/edocs/lexdocs/laws/es/pa/pa006es_1.pdf,Spanish,,"[{'id': 586113, 'value': 'pdf', 'fileUrl': None}]",True,pa006es_1.pdf
125,PE,9103,,Supreme Decree N° 035-2011-PCM on Approval of the Regulations for the Protection of the Rights of Breeders of the New Plant Varieties,ltr,,,2011.0,,,,,,,,,,,,False,False,,,https://wipolex-resources-eu-central-1-358922420655.s3.amazonaws.com/edocs/lexdocs/laws/en/pe/pe063en.pdf,English,,"[{'id': 244355, 'value': 'pdf', 'fileUrl': None}]",True,pe063en.pdf
127,PL,17546,,"Act of June 26, 2003, on the Legal Protection of Plant Varieties (amended up to Act of June 8, 2017)",ltr,,,2017.0,,,,,,,,,,,,False,False,,,https://wipolex-resources-eu-central-1-358922420655.s3.amazonaws.com/edocs/lexdocs/laws/en/pl/pl101en.pdf,English,,"[{'id': 457950, 'value': 'pdf', 'fileUrl': None}]",True,pl101en.pdf
128,PT,3539,,"Decree-Law No. 213/90 of June 28, 1990",ltr,,,1990.0,,,,,,,,,,,,False,False,,,https://wipolex-resources-eu-central-1-358922420655.s3.amazonaws.com/edocs/lexdocs/laws/en/pt/pt027en.pdf,English,,"[{'id': 129425, 'value': 'pdf', 'fileUrl': None}]",True,pt027en.pdf
129,PY,9549,,Decree No. 7797/2000 enacting Regulations under Law No. 385/1994 on Seeds and Protection of Plant Varieties,ltr,,,2000.0,,,,,,,,,,,,False,False,,,https://wipolex-resources-eu-central-1-358922420655.s3.amazonaws.com/edocs/lexdocs/laws/en/py/py011en.pdf,English,,"[{'id': 547431, 'value': 'pdf', 'fileUrl': None}]",True,py011en.pdf
129,PY,9549,,Decreto N° 7797/2000 por el cual se reglamenta la Ley N° 385/1994 de Semillas y Protección de Cultivares,ltr,,,2000.0,,,,,,,,,,,,False,False,,,https://wipolex-resources-eu-central-1-358922420655.s3.amazonaws.com/edocs/lexdocs/laws/es/py/py011es.pdf,Spanish,,"[{'id': 547433, 'value': 'pdf', 'fileUrl': None}]",True,py011es.pdf
130,RO,15663,,"Law No. 255 of December 30, 1998, on the Protection of New Plant Varieties (amended up to Law No. 255/2013)",ltr,,,2014.0,,,,,,,,,,,,False,False,,,https://wipolex-resources-eu-central-1-358922420655.s3.amazonaws.com/edocs/lexdocs/laws/en/ro/ro079en.pdf,English,,"[{'id': 370797, 'value': 'pdf', 'fileUrl': None}]",True,ro079en.pdf
131,RO,15665,,Implementing Regulations No. 150/2012 of Law No. 255/1998 on the Protection of New Plant Varieties,ltr,,,2012.0,,,,,,,,,,,,False,False,,,https://wipolex-resources-eu-central-1-358922420655.s3.amazonaws.com/edocs/lexdocs/laws/en/ro/ro080en.pdf,English,,"[{'id': 370798, 'value': 'pdf', 'fileUrl': None}]",True,ro080en.pdf
132,RO,10942,,"Law No. 255 of December 30, 1998, on the Protection of the New Plant Varieties  (as amended in 2006)",ltr,,,2006.0,,,,,,,,,,,,False,False,,,https://wipolex-resources-eu-central-1-358922420655.s3.amazonaws.com/edocs/lexdocs/laws/en/ro/ro078en.pdf,English,,"[{'id': 243846, 'value': 'pdf', 'fileUrl': None}]",True,ro078en.pdf
133,RO,3591,,Implementing Regulations of the Law  No. 255/1998 on the Protection of the New Plant Varieties,ltr,,,2000.0,,,,,,,,,,,,False,False,,,https://wipolex-resources-eu-central-1-358922420655.s3.amazonaws.com/edocs/lexdocs/laws/en/ro/ro023en.pdf,English,,"[{'id': 164675, 'value': 'pdf', 'fileUrl': None}]",True,ro023en.pdf
134,RO,3588,,"Law No. 255 of December 30, 1998, on the Protection of New Plant Varieties",ltr,,,1998.0,,,,,,,,,,,,False,False,,,https://wipolex-resources-eu-central-1-358922420655.s3.amazonaws.com/edocs/lexdocs/laws/en/ro/ro020en.pdf,English,,"[{'id': 129511, 'value': 'pdf', 'fileUrl': None}]",True,ro020en.pdf
135,RU,7083,,"Law of the Russian Federation No. 5605-1 of August 6, 1993, on the Protection of Selection Achievements",ltr,,,1993.0,,,,,,,,,,,,False,False,,,https://wipolex-resources-eu-central-1-358922420655.s3.amazonaws.com/edocs/lexdocs/laws/en/ru/ru020en.pdf,English,,"[{'id': 463537, 'value': 'pdf', 'fileUrl': None}]",True,ru020en.pdf
136,SG,15391,,"Plant Varieties Protection Act (Chapter 232A) (Revised Edition 2006, as amended up to the Plant Varieties Protection (Amendment) Act 2014)",ltr,,,2014.0,,,,,,,,,,,,False,False,,,https://wipolex-resources-eu-central-1-358922420655.s3.amazonaws.com/edocs/lexdocs/laws/en/sg/sg060en.pdf,English,,"[{'id': 550403, 'value': 'pdf', 'fileUrl': None}]",True,sg060en.pdf
137,SG,15398,,Plant Varieties Protection Rules,ltr,,,2014.0,,,,,,,,,,,,False,False,,,https://wipolex-resources-eu-central-1-358922420655.s3.amazonaws.com/edocs/lexdocs/laws/en/sg/sg061en.pdf,English,,"[{'id': 348002, 'value': 'pdf', 'fileUrl': None}]",True,sg061en.pdf
138,SG,5303,,Plant Varieties Protection Act (Chapter 232A),ltr,,,2006.0,,,,,,,,,,,,False,False,,,https://wipolex-resources-eu-central-1-358922420655.s3.amazonaws.com/edocs/lexdocs/laws/en/sg/sg039en.pdf,English,,"[{'id': 174560, 'value': 'pdf', 'fileUrl': None}]",True,sg039en.pdf
139,RS,13906,,Law on Protection of Plant Breeders’ Rights ,ltr,,,2011.0,,,,,,,,,,,,False,False,,,https://wipolex-resources-eu-central-1-358922420655.s3.amazonaws.com/edocs/lexdocs/laws/en/rs/rs046en.pdf,English,,"[{'id': 316821, 'value': 'pdf', 'fileUrl': None}]",True,rs046en.pdf
139,RS,13906,,"Закон о Заштити Права Оплемењивача Биљних Сорти ('Сл. гласник РС', бр. 41/2009 и 88/2011)",ltr,,,2011.0,,,,,,,,,,,,False,False,,,https://wipolex-resources-eu-central-1-358922420655.s3.amazonaws.com/edocs/lexdocs/laws/sr/rs/rs046sr.pdf,Serbian,,"[{'id': 441453, 'value': 'pdf', 'fileUrl': None}]",True,rs046sr.pdf
140,SK,9519,,Act No. 132/1989 Coll. on the Protection of Rights of New Varieties and Animal Breeds (as amended by Act No. 22/1996 Coll.),ltr,,,1996.0,,,,,,,,,,,,False,False,,,https://wipolex-resources-eu-central-1-358922420655.s3.amazonaws.com/edocs/lexdocs/laws/en/sk/sk045en.pdf,English,,"[{'id': 224254, 'value': 'pdf', 'fileUrl': None}]",True,sk045en.pdf
141,SI,11015,,Act on Amendments to Act on the Protection of New Varieties of Plants (Official Gazette of the Republic of Slovenia No. 61/06),ltr,,,2006.0,,,,,,,,,,,,False,False,,,https://wipolex-resources-eu-central-1-358922420655.s3.amazonaws.com/edocs/lexdocs/laws/en/si/si074en.pdf,English,,"[{'id': 565357, 'value': 'pdf', 'fileUrl': None}]",True,si074en.pdf
142,SI,9533,,"Act on the Protection of New Varieties of Plants (Official Gazette of the Republic of Slovenia, No. 86/98 of December 18, 1998) ",ltr,,,1999.0,,,,,,,,,,,,False,False,,,https://wipolex-resources-eu-central-1-358922420655.s3.amazonaws.com/edocs/lexdocs/laws/en/si/si073en.pdf,English,,"[{'id': 565339, 'value': 'pdf', 'fileUrl': None}]",True,si073en.pdf
143,SE,3663,,Act (1997:306) on Plant Breeders' Rights,ltr,,,1997.0,,,,,,,,,,,,False,False,,,https://wipolex-resources-eu-central-1-358922420655.s3.amazonaws.com/edocs/lexdocs/laws/en/se/se059en.pdf,English,,"[{'id': 129601, 'value': 'pdf', 'fileUrl': None}]",True,se059en.pdf
144,TT,3902,,"Protection of Plant Varieties Act and Regulations, 1997 (as amended by Act No. 18 of 2000)",ltr,,,2000.0,,,,,,,,,,,,False,False,,,https://wipolex-resources-eu-central-1-358922420655.s3.amazonaws.com/edocs/lexdocs/laws/en/tt/tt025en.pdf,English,,"[{'id': 355951, 'value': 'pdf', 'fileUrl': None}]",True,tt025en.pdf
145,TT,3898,,Protection of New Plant Varieties Act (Act No. 7 of 1997),ltr,,,1997.0,,,,,,,,,,,,False,False,,,https://wipolex-resources-eu-central-1-358922420655.s3.amazonaws.com/edocs/lexdocs/laws/en/tt/tt021en.pdf,English,,"[{'id': 130004, 'value': 'pdf', 'fileUrl': None}]",True,tt021en.pdf
146,TN,9541,,"Decree No. 2000-102 of January 18, 2000, Establishing the Membership and Working Methods of the Technical Commission for Seeds, Seedlings and Plant Varieties",ltr,,,2000.0,,,,,,,,,,,,False,False,,,https://wipolex-resources-eu-central-1-358922420655.s3.amazonaws.com/edocs/lexdocs/laws/en/tn/tn051en.pdf,English,,"[{'id': 224338, 'value': 'pdf', 'fileUrl': None}]",True,tn051en.pdf
147,TN,3839,,"Order of the Minister of Agriculture of June 24, 2000, Establishing the List of Plants Eligible for Proteciton, the Data and Method of Entry of Applications and New Plant Variety Certificates in the National List of New Plant Varieties.",ltr,,,2000.0,,,,,,,,,,,,False,False,,,https://wipolex-resources-eu-central-1-358922420655.s3.amazonaws.com/edocs/lexdocs/laws/en/tn/tn021en.pdf,English,,"[{'id': 224306, 'value': 'pdf', 'fileUrl': None}]",True,tn021en.pdf
148,TN,3823,,"Law No. 99-42 of May 10, 1999, on Seeds, Seedlings and New Plant Varieties",ltr,,,1999.0,,,,,,,,,,,,False,False,,,https://wipolex-resources-eu-central-1-358922420655.s3.amazonaws.com/edocs/lexdocs/laws/en/tn/tn005en.pdf,English,,"[{'id': 569776, 'value': 'pdf', 'fileUrl': None}]",True,tn005en.pdf
149,TR,7491,,Law No. 5042 on the Protection of Plant Breeders' Rights for New Plant Varieties,ltr,,,2004.0,,,,,,,,,,,,False,False,,,https://wipolex-resources-eu-central-1-358922420655.s3.amazonaws.com/edocs/lexdocs/laws/en/tr/tr044en.pdf,English,,"[{'id': 224311, 'value': 'pdf', 'fileUrl': None}]",True,tr044en.pdf
150,TZ,16192,,"Zanzibar Plant Breeders’ Rights Act, 2014 (Act No. 1 of 2014) ",ltr,,,2015.0,,,,,,,,,,,,False,False,,,https://wipolex-resources-eu-central-1-358922420655.s3.amazonaws.com/edocs/lexdocs/laws/en/tz/tz032en.pdf,English,,"[{'id': 409804, 'value': 'pdf', 'fileUrl': None}]",True,tz032en.pdf
151,TZ,16191,,"The Plant Breeders' Rights Act, 2012 (Act No. 9 of 2012) ",ltr,,,2013.0,,,,,,,,,,,,False,False,,,https://wipolex-resources-eu-central-1-358922420655.s3.amazonaws.com/edocs/lexdocs/laws/en/tz/tz031en.pdf,English,,"[{'id': 409784, 'value': 'pdf', 'fileUrl': None}]",True,tz031en.pdf
152,UA,9532,,"Law of Ukraine No. 2986-III of January 17, 2002, on Amendments to the Law of Ukraine on the Protection of Plant Variety Rights",ltr,,,2002.0,,,,,,,,,,,,False,False,,,https://wipolex-resources-eu-central-1-358922420655.s3.amazonaws.com/edocs/lexdocs/laws/en/ua/ua085en.pdf,English,,"[{'id': 224317, 'value': 'pdf', 'fileUrl': None}]",True,ua085en.pdf
153,UY,9535,,"Law No. 18.467 of February 27, 2009, on Amendments to Several Provisions of Law No. 16.811",ltr,,,2009.0,,,,,,,,,,,,False,False,,,https://wipolex-resources-eu-central-1-358922420655.s3.amazonaws.com/edocs/lexdocs/laws/en/uy/uy056en.pdf,English,,"[{'id': 224267, 'value': 'pdf', 'fileUrl': None}]",True,uy056en.pdf
154,UY,3960,,"Law No. 16.811 of February 21, 1997, on the Development, Production, Distribution and Internal and External Marketing of Seeds and Phytogenetic Creations",ltr,,,1997.0,,,,,,,,,,,,False,False,,,https://wipolex-resources-eu-central-1-358922420655.s3.amazonaws.com/edocs/lexdocs/laws/en/uy/uy017en.pdf,English,,"[{'id': 195218, 'value': 'pdf', 'fileUrl': None}]",True,uy017en.pdf
155,US,16630,,"Plant Variety Protection Act, 7 U.S.C. §§ 2321-2583 & Plant Variety Protection Regulations, 7 C.F.R. §§ 97.1-97.900 (revised July 2013)",ltr,,,2013.0,,,,,,,,,,,,False,False,,,https://wipolex-resources-eu-central-1-358922420655.s3.amazonaws.com/edocs/lexdocs/laws/en/us/us392en.pdf,English,,"[{'id': 431100, 'value': 'pdf', 'fileUrl': None}]",True,us392en.pdf
156,US,10577,,America Invents Act: Effective Dates (30 Sept 2011),ltr,,,2011.0,,,,,,,,,,,,False,False,,,https://wipolex-resources-eu-central-1-358922420655.s3.amazonaws.com/edocs/lexdocs/laws/en/us/us220en.pdf,English,,"[{'id': 239379, 'value': 'pdf', 'fileUrl': None}]",True,us220en.pdf
157,US,10522,,Leahy-Smith America Invents Act (AIA),ltr,,,2011.0,,,,,,,,,,,,False,False,,,https://wipolex-resources-eu-central-1-358922420655.s3.amazonaws.com/edocs/lexdocs/laws/en/us/us219en.pdf,English,,"[{'id': 238777, 'value': 'pdf', 'fileUrl': None}]",True,us219en.pdf
157,US,10522,,America Invents Act: Effective Dates (30 Sept 2011),ltr,,,2011.0,,,,,,,,,,,,False,False,,,https://wipolex-resources-eu-central-1-358922420655.s3.amazonaws.com/edocs/lexdocs/laws/en/us/us219en-related.pdf,English,,"[{'id': 585341, 'value': 'pdf', 'fileUrl': None}]",True,us219en-related.pdf
158,US,5426,,"Plant Variety Protection Act, 7 U.S.C. §§ 2321-2583 & Plant Variety Protection Regulations, 7 C.F.R. §§ 97.1-97.900 (revised September 2005)",ltr,,,2005.0,,,,,,,,,,,,False,False,,,https://wipolex-resources-eu-central-1-358922420655.s3.amazonaws.com/edocs/lexdocs/laws/en/us/us198en.pdf,English,,"[{'id': 178134, 'value': 'pdf', 'fileUrl': None}]",True,us198en.pdf
159,US,10999,,"U.S.Patents Law, 35 U.S.C. §§ 1 et seq. (Consolidated Patent Laws as of December 2004)",ltr,,,2004.0,,,,,,,,,,,,False,False,,,https://wipolex-resources-eu-central-1-358922420655.s3.amazonaws.com/edocs/lexdocs/laws/en/us/us226en.pdf,English,,"[{'id': 244216, 'value': 'pdf', 'fileUrl': None}]",True,us226en.pdf
160,UZ,7352,,"Law of the Republic of Uzbekistan No. 210-I of August 30, 1996, on Selection Achievements (as amended up to Law of the Republic of Uzbekistan No. 395-II of August 29, 2002)",ltr,,,2002.0,,,,,,,,,,,,False,False,,,https://wipolex-resources-eu-central-1-358922420655.s3.amazonaws.com/edocs/lexdocs/laws/en/uz/uz008en.pdf,English,,"[{'id': 190844, 'value': 'pdf', 'fileUrl': None}]",True,uz008en.pdf
161,VC,21074,,"Plant Breeders’ Protection Act, 2019 (Act No. 28 of 2019)",ltr,,,2019.0,,,,,,,,,,,,False,False,,,https://wipolex-resources-eu-central-1-358922420655.s3.amazonaws.com/edocs/lexdocs/laws/en/vc/vc026en.pdf,English,,"[{'id': 583326, 'value': 'pdf', 'fileUrl': None}]",True,vc026en.pdf
162,VN,13110,,"Decree No. 88/2010/ND-CP of August 16, 2010, Detailing and Guiding a Number of Articles of the Law on Intellectual Property and the Law Amending and Supplementing a Number of Articles of the Law on Intellectual Property Regarding Rights to Plant Varieties",ltr,,,2010.0,,,,,,,,,,,,False,False,,,https://wipolex-resources-eu-central-1-358922420655.s3.amazonaws.com/edocs/lexdocs/laws/en/vn/vn064en.pdf,English,,"[{'id': 296456, 'value': 'pdf', 'fileUrl': None}]",True,vn064en.pdf
163,VN,6566,,"Law No. 36/2009/QH12 of June 19, 2009, Amending and Supplementing a Number of Articles of the Law on Intellectual Property",ltr,,,2010.0,,,,,,,,,,,,False,False,,,https://wipolex-resources-eu-central-1-358922420655.s3.amazonaws.com/edocs/lexdocs/laws/en/vn/vn047en.pdf,English,,"[{'id': 182541, 'value': 'pdf', 'fileUrl': None}]",True,vn047en.pdf
163,VN,6566,,"Luật số 36/2009/QH12 ngày 26/11/2011, sửa đổi, bổ sung một số điều của Luật Sở Hữu Trí Tuệ số 50/2005/QH11",ltr,,,2010.0,,,,,,,,,,,,False,False,,,https://wipolex-resources-eu-central-1-358922420655.s3.amazonaws.com/edocs/lexdocs/laws/vi/vn/vn047vi.pdf,Vietnamese,,"[{'id': 185779, 'value': 'pdf', 'fileUrl': None}]",True,vn047vi.pdf
164,VN,12011,,"Law No. 50/2005/QH11 of November 29, 2005, on Intellectual Property",ltr,,,2006.0,,,,,,,,,,,,False,False,,,https://wipolex-resources-eu-central-1-358922420655.s3.amazonaws.com/edocs/lexdocs/laws/en/vn/vn063en.pdf,English,,"[{'id': 274445, 'value': 'pdf', 'fileUrl': None}]",True,vn063en.pdf
165,ZA,6127,,Genetically Modified Organisms 1997 Act (Act No. 15 of 1997),ltr,,,1997.0,,,,,,,,,,,,False,False,,,https://wipolex-resources-eu-central-1-358922420655.s3.amazonaws.com/edocs/lexdocs/laws/en/za/za037en.pdf,English,,"[{'id': 180970, 'value': 'pdf', 'fileUrl': None}]",True,za037en.pdf
166,ZA,9536,,Regulations on Plant Breeders' Rights 1997,ltr,,,1997.0,,,,,,,,,,,,False,False,,,https://wipolex-resources-eu-central-1-358922420655.s3.amazonaws.com/edocs/lexdocs/laws/en/za/za067en.pdf,English,,"[{'id': 224286, 'value': 'pdf', 'fileUrl': None}]",True,za067en.pdf
167,ZA,10901,,"Plant Breeders’ Rights Act 1976 (Act No. 15 of 1976, as last amended by Plant Breeders’ Rights Amendment Act 1996)",ltr,,,1996.0,,,,,,,,,,,,False,False,,,https://wipolex-resources-eu-central-1-358922420655.s3.amazonaws.com/edocs/lexdocs/laws/en/za/za068en.pdf,English,,"[{'id': 243139, 'value': 'pdf', 'fileUrl': None}]",True,za068en.pdf
